bodyId,type
734581598,Delta7
880530613,Delta7
880875736,Delta7
880880259,Delta7
881221166,Delta7
910442723,Delta7
910442752,Delta7
910442782,Delta7
910783731,Delta7
910783883,Delta7
910783961,Delta7
910796989,Delta7
910801332,Delta7
911129204,Delta7
911129339,Delta7
911134009,Delta7
911138168,Delta7
911211196,Delta7
911241750,Delta7
911470352,Delta7
911565419,Delta7
911574041,Delta7
911574261,Delta7
911578496,Delta7
911578595,Delta7
911901802,Delta7
911906936,Delta7
911911004,Delta7
911911193,Delta7
911911699,Delta7
911919044,Delta7
911919917,Delta7
912243353,Delta7
941469087,Delta7
941482720,Delta7
941810314,Delta7
941814787,Delta7
942522378,Delta7
973959177,Delta7
1158747783,Delta7
5813048042,Delta7
5813061383,Delta7
387364605,EPG
416642425,EPG
449438847,EPG
478375456,EPG
541118908,EPG
541870397,EPG
572870540,EPG
632544268,EPG
633546217,EPG
634962055,EPG
665314820,EPG
694920753,EPG
695629525,EPG
695956656,EPG
696362840,EPG
697001770,EPG
725951521,EPG
758419409,EPG
788794171,EPG
789126240,EPG
819828986,EPG
910438331,EPG
912545106,EPG
912601268,EPG
941132434,EPG
942491983,EPG
1002507159,EPG
1002852791,EPG
1004017998,EPG
1034219901,EPG
1035045015,EPG
1065410141,EPG
1125964814,EPG
1126647624,EPG
1127476096,EPG
1167995070,EPG
1168664495,EPG
1447576662,EPG
5813012006,EPG
5813014873,EPG
5813022281,EPG
5813027103,EPG
5813040233,EPG
5813061251,EPG
5813077544,EPG
5813080838,EPG
1168659995,EPGt
1168660239,EPGt
1168664447,EPGt
1219069439,EPGt
1291103485,ER1_a
1291435551,ER1_a
1291444314,ER1_a
1294414279,ER1_a
1322129437,ER1_a
1322129781,ER1_a
1322133296,ER1_a
1322133768,ER1_a
1322133825,ER1_a
1322133858,ER1_a
1322466938,ER1_a
1322470368,ER1_a
1322470462,ER1_a
1352823209,ER1_a
1355806197,ER1_a
5813059835,ER1_a
1291094620,ER1_b
1291094742,ER1_b
1291099014,ER1_b
1291435693,ER1_b
1294082002,ER1_b
1322129610,ER1_b
1322129724,ER1_b
1322129730,ER1_b
1322133531,ER1_b
1322133891,ER1_b
1322137688,ER1_b
1322138079,ER1_b
1322142804,ER1_b
1353168228,ER1_b
1106180107,ER2_a
1137219365,ER2_a
1167563121,ER2_a
1198257581,ER2_a
1198334861,ER2_a
1198680122,ER2_a
1198680249,ER2_a
1198684596,ER2_a
5813047446,ER2_a
1168923315,ER2_b
1199017128,ER2_b
1229369776,ER2_b
1229710803,ER2_b
1260422110,ER2_b
5813077556,ER2_b
1105834722,ER2_c
1136861363,ER2_c
1137210821,ER2_c
1167645658,ER2_c
1167895489,ER2_c
1167896065,ER2_c
1167904437,ER2_c
1168059800,ER2_c
1168064774,ER2_c
1168241257,ER2_c
1198413357,ER2_c
1198667367,ER2_c
1198671672,ER2_c
1198675740,ER2_c
1199699496,ER2_c
1199712167,ER2_c
1199712272,ER2_c
1230480261,ER2_c
5813020409,ER2_c
5813047647,ER2_c
5813048896,ER2_c
1167567702,ER2_d
1168249921,ER2_d
1198680426,ER2_d
1198680441,ER2_d
1198943369,ER2_d
5812979082,ER2_d
1261760225,ER3a_a
1261760366,ER3a_a
1261760448,ER3a_a
1261764527,ER3a_a
1261764557,ER3a_a
1262105575,ER3a_a
1262105601,ER3a_a
1262114112,ER3a_a
1293136062,ER3a_a
1355810793,ER3a_a
5812984024,ER3a_a
5813080269,ER3a_a
1231675708,ER3a_b
1261760230,ER3a_b
1261772956,ER3a_b
1261773006,ER3a_b
1169260589,ER3a_c
1230738163,ER3a_c
1261768644,ER3a_c
1261768832,ER3a_c
1261760414,ER3a_d
1261760489,ER3a_d
1261773104,ER3a_d
1261773286,ER3a_d
1261773330,ER3a_d
1262101350,ER3a_d
1261086734,ER3d_a
1261086755,ER3d_a
1261086756,ER3d_a
1261086863,ER3d_a
1261091124,ER3d_a
1261091174,ER3d_a
1261423370,ER3d_a
1261427857,ER3d_a
1261436508,ER3d_a
1261756007,ER3d_a
1292113218,ER3d_a
5812983887,ER3d_a
1261427885,ER3d_b
1261432076,ER3d_b
1261432158,ER3d_b
1261432159,ER3d_b
1261768859,ER3d_b
1261768880,ER3d_b
1261773414,ER3d_b
1292445517,ER3d_b
1292458303,ER3d_b
5812979686,ER3d_b
1261082560,ER3d_c
1261086823,ER3d_c
1261091157,ER3d_c
1261419142,ER3d_c
1261423444,ER3d_c
1261423454,ER3d_c
1261423480,ER3d_c
1261423507,ER3d_c
1261427765,ER3d_c
1261436305,ER3d_c
1261760187,ER3d_c
5813020587,ER3d_c
1261423534,ER3d_d
1261427892,ER3d_d
1261427999,ER3d_d
1261432052,ER3d_d
1261432168,ER3d_d
1261773304,ER3d_d
1292121433,ER3d_d
1292458366,ER3d_d
1292466818,ER3d_d
5813080272,ER3d_d
1261764651,ER3m
1261768913,ER3m
1262105552,ER3m
1262105630,ER3m
1262105637,ER3m
1262114188,ER3m
1262114202,ER3m
1291780631,ER3m
1291780675,ER3m
1291780710,ER3m
1292794996,ER3m
1292799162,ER3m
1292799346,ER3m
1292803650,ER3m
1292807819,ER3m
1292816565,ER3m
1293135946,ER3m
5812979684,ER3m
1199086313,ER3p_a
1229288307,ER3p_a
1260828727,ER3p_a
1261169514,ER3p_a
1291435776,ER3p_a
1322470509,ER3p_a
1322470594,ER3p_a
1322474586,ER3p_a
1322811240,ER3p_a
5812979459,ER3p_a
5813020568,ER3p_a
5813020585,ER3p_a
1260327246,ER3p_b
1291366237,ER3p_b
1322811128,ER3p_b
1322811160,ER3p_b
1322811232,ER3p_b
1323156554,ER3p_b
1199289203,ER3w_a
1199431561,ER3w_a
1199432267,ER3w_a
1230121634,ER3w_a
1230319275,ER3w_a
1260400286,ER3w_a
1260754053,ER3w_a
5813038224,ER3w_a
5813053988,ER3w_a
1168055653,ER3w_b
1168392003,ER3w_b
1168392468,ER3w_b
1199427845,ER3w_b
1199625952,ER3w_b
1230125720,ER3w_b
1230324385,ER3w_b
5812979230,ER3w_b
5813020455,ER3w_b
5813045050,ER3w_b
5813053983,ER3w_b
1167295853,ER4d
1167295856,ER4d
1167295872,ER4d
1167295916,ER4d
1167300055,ER4d
1167300154,ER4d
1167300194,ER4d
1167304403,ER4d
1167632513,ER4d
1167645523,ER4d
1167891559,ER4d
1167982211,ER4d
1198006801,ER4d
1198693217,ER4d
1198931241,ER4d
1229965474,ER4d
1230026228,ER4d
1230026402,ER4d
1261000309,ER4d
1261056809,ER4d
1292846965,ER4d
1324145475,ER4d
1416900410,ER4d
1513674176,ER4d
5812979222,ER4d
1167641412,ER4m
1167645442,ER4m
1167977970,ER4m
1198326456,ER4m
1198671494,ER4m
1292847181,ER4m
5813047793,ER4m
5813049948,ER4m
5813050767,ER4m
5813053866,ER4m
1200049187,ER5
1200057627,ER5
1230712894,ER5
1230712956,ER5
1230738118,ER5
1230738237,ER5
1230738247,ER5
1230742431,ER5
1230742517,ER5
1230742552,ER5
1231066662,ER5
1231066732,ER5
1231066741,ER5
1231070792,ER5
1231070863,ER5
1231079482,ER5
1261751722,ER5
5812979604,ER5
5813020453,ER5
5813049931,ER5
1259377221,ER6
1259377325,ER6
1324430237,ER6
5812983734,ER6
848761388,PEG
880875861,PEG
881898734,PEG
912147912,PEG
942173776,PEG
942587380,PEG
972555509,PEG
974239375,PEG
974300015,PEG
1002848661,PEG
1004014587,PEG
1065409934,PEG
1125969082,PEG
1128088594,PEG
1190171884,PEG
1199677638,PEG
5813014882,PEG
5813059834,PEG
508793049,PEN_a(PEN1)
509410587,PEN_a(PEN1)
570461892,PEN_a(PEN1)
634608104,PEN_a(PEN1)
663190769,PEN_a(PEN1)
664645558,PEN_a(PEN1)
757055317,PEN_a(PEN1)
847336755,PEN_a(PEN1)
849482511,PEN_a(PEN1)
910447075,PEN_a(PEN1)
972892437,PEN_a(PEN1)
1002507131,PEN_a(PEN1)
1125964630,PEN_a(PEN1)
1127471692,PEN_a(PEN1)
1218732640,PEN_a(PEN1)
1220576923,PEN_a(PEN1)
1380495496,PEN_a(PEN1)
1508334312,PEN_a(PEN1)
5813056953,PEN_a(PEN1)
5813080979,PEN_a(PEN1)
387023620,PEN_b(PEN2)
539462336,PEN_b(PEN2)
569775058,PEN_b(PEN2)
663562172,PEN_b(PEN2)
664650297,PEN_b(PEN2)
693755250,PEN_b(PEN2)
724280817,PEN_b(PEN2)
849421763,PEN_b(PEN2)
879183317,PEN_b(PEN2)
941123755,PEN_b(PEN2)
973566036,PEN_b(PEN2)
1062526223,PEN_b(PEN2)
1197993940,PEN_b(PEN2)
1218728570,PEN_b(PEN2)
1220584946,PEN_b(PEN2)
1318109929,PEN_b(PEN2)
1353544607,PEN_b(PEN2)
1600083889,PEN_b(PEN2)
1601771527,PEN_b(PEN2)
1631450739,PEN_b(PEN2)
5813047157,PEN_b(PEN2)
5813070465,PEN_b(PEN2)
