phase,test,p,holm_family,holm_global,survives_family,survives_global
6b,hold: real < rewired,5.8527809950959855e-05,0.00023411123980383942,0.0009364449592153577,True,True
6b,hold: real < degree-preserving,0.027628180669156066,0.0828845420074682,0.13814090334578033,False,False
6b,integrate: real < rewired,0.22419539663372676,0.4483907932674535,0.896781586534907,False,False
6b,integrate: real < degree-preserving,1.0,1.0,1.0,False,False
7d,integrate: reciprocal-rewired < one-way-rewired,0.003968253968253968,0.007936507936507936,0.05555555555555555,True,False
7d,hold: one-way-rewired > reciprocal-rewired (observed direction),0.0059626167965088,0.007936507936507936,0.05555555555555555,True,False
7e,P1 hold 10%: one-way > reciprocal,0.003968253968253968,0.011904761904761904,0.05555555555555555,True,False
7e,P1 hold 20%: one-way > reciprocal,0.003968253968253968,0.011904761904761904,0.05555555555555555,True,False
7e,P2 integrate 20%: reciprocal < one-way,0.34523809523809523,0.34523809523809523,1.0,False,False
7e,P3 dose: integrate falls with reciprocal rewiring,1.7505317000947381e-06,7.0021268003789524e-06,2.9759038901610548e-05,True,True
7f,integrate: scramble_ER_EPG < real,0.6547619047619047,0.6547619047619047,1.0,False,False
7f,integrate: scramble_EPG_D7 < real,0.003968253968253968,0.015873015873015872,0.05555555555555555,True,False
7f,integrate: scramble_D7_PEN < real,0.007936507936507936,0.015873015873015872,0.05555555555555555,True,False
7f,integrate: scramble_ER_ER < real,0.003968253968253968,0.015873015873015872,0.05555555555555555,True,False
8,R1 hold: one-way > reciprocal,0.003968253968253968,0.007936507936507936,0.05555555555555555,True,False
8,R3 integrate: degree-preserving < real,0.000333000333000333,0.000999000999000999,0.004995004995004995,True,True
8,R4 hold: ER->EPG strength vs error (rho<0),0.015800596250571577,0.015800596250571577,0.09480357750342946,True,False
