task,condition,train_seed,net_seed,val_err,test_err,long_err
hold,real,0,0,1.312070608139038,1.2900413274765015,1.7947123050689697
hold,real,1,0,3.505553960800171,3.552839756011963,8.654706954956055
hold,real,2,0,2.399284839630127,2.459620714187622,5.480409145355225
hold,real,3,0,1.273857593536377,1.3066744804382324,2.955275774002075
hold,real,4,0,1.673704743385315,1.7321369647979736,3.3370203971862793
hold,rewired,0,300,33.977943420410156,34.54404830932617,40.07453918457031
hold,rewired,0,301,67.79106903076172,68.09257507324219,79.37924194335938
hold,rewired,0,302,67.58195495605469,67.96261596679688,79.11351013183594
hold,rewired,0,303,20.94240379333496,19.896610260009766,28.67805290222168
hold,rewired,0,304,62.45398712158203,61.206565856933594,77.2119369506836
hold,rewired,0,305,26.785486221313477,26.854490280151367,34.163307189941406
hold,rewired,0,306,61.85915756225586,62.387855529785156,76.55868530273438
hold,rewired,0,307,11.629193305969238,10.816301345825195,16.6291561126709
hold,rewired,0,308,37.88791275024414,39.58559036254883,42.7875862121582
hold,rewired,0,309,2.823732614517212,2.84513258934021,5.6773247718811035
hold,rewired,0,310,39.216278076171875,37.57309341430664,40.839027404785156
hold,rewired,0,311,34.86248016357422,32.61636734008789,38.167686462402344
hold,rewired,0,312,19.870834350585938,18.85805320739746,28.79913902282715
hold,rewired,0,313,15.703960418701172,16.264671325683594,29.651277542114258
hold,rewired,0,314,65.1192626953125,65.00707244873047,78.00838470458984
hold,rewired,0,315,3.408505916595459,3.4472928047180176,15.674386978149414
hold,rewired,0,316,18.020597457885742,18.190776824951172,22.725000381469727
hold,rewired,0,317,27.173282623291016,26.46036720275879,34.116092681884766
hold,rewired,0,318,36.450927734375,34.44597244262695,38.42306137084961
hold,rewired,0,319,15.85474967956543,15.843500137329102,35.61838150024414
hold,rewired,0,320,37.84343338012695,37.41813278198242,49.39385223388672
hold,rewired,0,321,15.111312866210938,16.27923583984375,23.55911636352539
hold,rewired,0,322,12.425149917602539,12.347057342529297,18.2813777923584
hold,rewired,0,323,66.72792053222656,66.65892791748047,79.79266357421875
hold,rewired,0,324,25.785741806030273,25.337703704833984,33.913761138916016
hold,rewired,0,325,1.6908730268478394,1.731158971786499,3.451181650161743
hold,rewired,0,326,36.54451370239258,38.68364334106445,42.601295471191406
hold,rewired,0,327,23.90337562561035,23.392257690429688,27.34181785583496
hold,rewired,0,328,35.153812408447266,37.23295593261719,41.607444763183594
hold,rewired,0,329,38.80146408081055,36.54428482055664,40.8023681640625
hold,degshuffle,0,400,3.686389684677124,3.4159159660339355,5.021392345428467
hold,degshuffle,0,401,4.383693695068359,4.614827632904053,6.470983505249023
hold,degshuffle,0,402,7.609496593475342,7.4026288986206055,9.5873384475708
hold,degshuffle,0,403,89.27352142333984,88.6740951538086,89.39260864257812
hold,degshuffle,0,404,3.3371472358703613,2.743089199066162,3.631448745727539
hold,degshuffle,0,405,6.8151116371154785,6.730213642120361,8.678620338439941
hold,degshuffle,0,406,0.8529214262962341,0.8777457475662231,1.750673532485962
hold,degshuffle,0,407,0.7085792422294617,0.7288538217544556,1.4293469190597534
hold,degshuffle,0,408,0.6900254487991333,0.68526291847229,1.240588903427124
hold,degshuffle,0,409,1.074220061302185,1.077491044998169,2.078789234161377
hold,degshuffle,0,410,89.27354431152344,88.67411041259766,89.39261627197266
hold,degshuffle,0,411,0.9282694458961487,0.897635281085968,1.8320109844207764
hold,degshuffle,0,412,89.27352142333984,88.6740951538086,89.39260864257812
hold,degshuffle,0,413,89.27352142333984,88.6740951538086,89.39260864257812
hold,degshuffle,0,414,5.57291316986084,5.489076137542725,7.2289934158325195
hold,degshuffle,0,415,89.27352142333984,88.6740951538086,89.39260864257812
hold,degshuffle,0,416,5.144509792327881,4.872872352600098,6.8483476638793945
hold,degshuffle,0,417,5.971341133117676,5.458739280700684,9.148614883422852
hold,degshuffle,0,418,89.27352905273438,88.67411041259766,89.39261627197266
hold,degshuffle,0,419,89.27367401123047,88.67420196533203,89.39262390136719
hold,degshuffle,0,420,3.8825275897979736,3.3071956634521484,5.567839622497559
hold,degshuffle,0,421,5.305471897125244,5.895700931549072,6.976812362670898
hold,degshuffle,0,422,3.534951686859131,3.7273552417755127,5.47004508972168
hold,degshuffle,0,423,89.27352142333984,88.6740951538086,89.39260864257812
hold,degshuffle,0,424,1.0374854803085327,1.0597306489944458,2.0822224617004395
hold,degshuffle,0,425,89.27352142333984,88.6740951538086,89.39260864257812
hold,degshuffle,0,426,89.27352142333984,88.6740951538086,89.39260864257812
hold,degshuffle,0,427,3.9165775775909424,3.404886245727539,4.82056188583374
hold,degshuffle,0,428,5.890465259552002,5.280088901519775,6.814509868621826
hold,degshuffle,0,429,3.676849603652954,4.374852180480957,5.651700973510742
integrate,real,0,0,47.120670318603516,49.23259353637695,68.6770248413086
integrate,real,1,0,62.67133712768555,63.88638687133789,77.71775817871094
integrate,real,2,0,53.44892883300781,53.231727600097656,72.01493072509766
integrate,real,3,0,53.74000549316406,55.154850006103516,73.4173583984375
integrate,real,4,0,59.41643142700195,58.256385803222656,75.05823516845703
integrate,rewired,0,300,68.40880584716797,67.1484375,78.97988891601562
integrate,rewired,0,301,74.39541625976562,75.04434204101562,83.13970947265625
integrate,rewired,0,302,54.754756927490234,55.55767059326172,70.89350891113281
integrate,rewired,0,303,65.45187377929688,63.92758560180664,77.65877532958984
integrate,rewired,0,304,64.8058853149414,63.8850212097168,77.78563690185547
integrate,rewired,0,305,61.16462326049805,60.31645584106445,76.83216094970703
integrate,rewired,0,306,73.56436920166016,72.68098449707031,81.88835906982422
integrate,rewired,0,307,70.65254974365234,68.32928466796875,79.82218933105469
integrate,rewired,0,308,72.24034118652344,73.29791259765625,82.57130432128906
integrate,rewired,0,309,68.5212631225586,67.0045166015625,79.14868927001953
integrate,rewired,0,310,67.82106018066406,67.6561050415039,79.84117126464844
integrate,rewired,0,311,71.66690063476562,70.96601104736328,81.09571838378906
integrate,rewired,0,312,46.596988677978516,45.7619514465332,67.31417846679688
integrate,rewired,0,313,50.6016731262207,48.97975158691406,68.4057846069336
integrate,rewired,0,314,61.504913330078125,61.57498550415039,75.88670349121094
integrate,rewired,0,315,32.66577911376953,31.983121871948242,48.286888122558594
integrate,rewired,0,316,54.80614471435547,54.55349349975586,72.82942962646484
integrate,rewired,0,317,38.51861572265625,37.51189041137695,58.935699462890625
integrate,rewired,0,318,48.31218719482422,47.713680267333984,68.74073791503906
integrate,rewired,0,319,50.59947967529297,52.397037506103516,68.26519775390625
integrate,rewired,0,320,67.2431869506836,66.21408081054688,79.21636962890625
integrate,rewired,0,321,49.441707611083984,48.85206985473633,65.70384979248047
integrate,rewired,0,322,56.42001724243164,54.790000915527344,73.43793487548828
integrate,rewired,0,323,54.647701263427734,54.56924057006836,72.64398956298828
integrate,rewired,0,324,49.687408447265625,50.84614181518555,69.03382873535156
integrate,rewired,0,325,67.53462982177734,67.20271301269531,79.85342407226562
integrate,rewired,0,326,64.5733413696289,63.71876525878906,77.85821533203125
integrate,rewired,0,327,74.15901184082031,74.49874114990234,82.93621826171875
integrate,rewired,0,328,70.85142517089844,71.20215606689453,81.17383575439453
integrate,rewired,0,329,44.18950653076172,44.33705139160156,62.88137435913086
integrate,degshuffle,0,400,18.671802520751953,21.09476089477539,35.19865417480469
integrate,degshuffle,0,401,19.518413543701172,19.77541160583496,36.27083206176758
integrate,degshuffle,0,402,15.004528999328613,14.954116821289062,30.561038970947266
integrate,degshuffle,0,403,6.684810161590576,6.820657253265381,9.331646919250488
integrate,degshuffle,0,404,15.399450302124023,14.466500282287598,26.109195709228516
integrate,degshuffle,0,405,18.798934936523438,19.728288650512695,31.284189224243164
integrate,degshuffle,0,406,11.685101509094238,12.792038917541504,18.871980667114258
integrate,degshuffle,0,407,7.007200241088867,7.0821990966796875,9.833998680114746
integrate,degshuffle,0,408,16.929424285888672,17.69792938232422,31.944202423095703
integrate,degshuffle,0,409,8.000384330749512,8.411589622497559,12.786589622497559
integrate,degshuffle,0,410,17.294174194335938,16.358314514160156,30.313520431518555
integrate,degshuffle,0,411,18.318603515625,18.6850528717041,31.964689254760742
integrate,degshuffle,0,412,6.2348198890686035,6.236649990081787,7.917943477630615
integrate,degshuffle,0,413,18.86397933959961,19.151683807373047,33.41530990600586
integrate,degshuffle,0,414,22.816967010498047,22.996206283569336,38.0638427734375
integrate,degshuffle,0,415,18.88010025024414,19.51431655883789,32.92789840698242
integrate,degshuffle,0,416,15.948721885681152,15.238889694213867,28.759389877319336
integrate,degshuffle,0,417,18.115707397460938,18.636777877807617,30.70124053955078
integrate,degshuffle,0,418,16.06688690185547,16.254657745361328,28.932859420776367
integrate,degshuffle,0,419,22.29123306274414,22.218339920043945,39.333168029785156
integrate,degshuffle,0,420,18.94364356994629,19.21244239807129,33.501922607421875
integrate,degshuffle,0,421,18.759140014648438,19.02654266357422,33.3965950012207
integrate,degshuffle,0,422,13.1321439743042,13.00918960571289,25.328428268432617
integrate,degshuffle,0,423,6.481358051300049,6.489528656005859,8.058672904968262
integrate,degshuffle,0,424,6.028517723083496,6.033031940460205,8.20724868774414
integrate,degshuffle,0,425,26.601625442504883,28.79239273071289,47.195072174072266
integrate,degshuffle,0,426,17.262962341308594,17.790199279785156,31.429039001464844
integrate,degshuffle,0,427,20.94493865966797,22.94781494140625,37.91825485229492
integrate,degshuffle,0,428,35.357242584228516,36.1286506652832,55.209476470947266
integrate,degshuffle,0,429,16.549278259277344,15.824271202087402,29.737707138061523
