slow_modes,lead_real,nonnormality,exc_to_epg,silent_all,silent_epg,pr_epg,mem_early,mem_late,condition,net_seed,hold_err,integrate_err
111,1.0,0.8209008791229611,0.22061309310742552,0.6897081413210445,0.98,0.34761661474842853,73.92838844155983,86.16643790306212,degshuffle,400,3.4159159660339355,21.09476089477539
52,0.0,0.8174724995748054,0.21871734453437147,0.6897081413210446,0.9866666666666667,0.6506419285224226,65.72467807367006,86.1664379030431,degshuffle,401,4.614827632904053,19.77541160583496
41,0.0,0.8211448243700893,0.2141337591414427,0.6897081413210446,1.0,0.0,86.16643790306183,86.16643790306183,degshuffle,402,7.402628898620605,14.954116821289062
14,0.0,0.8213277809949038,0.21465102286401921,0.6735791090629801,0.9666666666666667,0.3616675990025362,81.92485696327158,86.16643790306188,degshuffle,403,88.6740951538086,6.820657253265381
70,0.0,0.8200293971927065,0.2159321048304626,0.6935483870967741,0.9933333333333333,0.3310901814665797,74.62100811581718,86.16643790306188,degshuffle,404,2.743089199066162,14.466500282287598
6,0.0,0.8189212524523288,0.2254732263159754,0.6743471582181261,0.98,0.038099922448988195,86.04502309934635,86.16643790306183,degshuffle,405,6.730213642120361,19.72828865051269
48,0.0,0.8216797998529921,0.21913538419840084,0.6835637480798772,0.98,0.03818382487716788,85.70310583552534,86.1664379030618,degshuffle,406,0.8777457475662231,12.792038917541504
53,0.0,0.8193155870481107,0.21795340223729323,0.6827956989247311,0.9733333333333333,0.42157577431106463,83.6891210972547,86.16643790306189,degshuffle,407,0.7288538217544556,7.082199096679688
54,0.0,0.8184733798667855,0.2167072721678294,0.6812596006144394,0.9866666666666667,0.3095422533941911,84.56188022302689,86.16643790306193,degshuffle,408,0.68526291847229,17.69792938232422
61,0.0,0.8190233731372762,0.22368076271869713,0.6774193548387096,0.9666666666666667,0.3427526662648143,70.22453427810699,86.16643790307296,degshuffle,409,1.077491044998169,8.411589622497559
32,0.0,0.819397246532443,0.21779563777389171,0.6850998463901691,0.9666666666666667,0.7114650691560008,60.64497291537495,86.16643790306233,degshuffle,410,88.67411041259766,16.358314514160156
62,0.0,0.8206245772946865,0.22368777803440346,0.6927803379416283,0.9933333333333333,0.01899088637751552,85.67951600485247,86.16643790306183,degshuffle,411,0.897635281085968,18.6850528717041
84,0.0,0.818907785521687,0.2174104423755099,0.6958525345622121,0.9866666666666667,0.012131515754990371,85.81647093744807,86.16643790306152,degshuffle,412,88.6740951538086,6.236649990081787
56,0.0,0.820352710697948,0.22321825380792695,0.6881720430107526,0.9933333333333333,0.00010672612117082368,86.1634671655019,86.16643790306183,degshuffle,413,88.6740951538086,19.151683807373047
1,0.0,0.8191971412135127,0.2209714404836356,0.6728110599078341,0.9866666666666667,0.32456598779171764,76.66486959662423,86.16643790306183,degshuffle,414,5.489076137542725,22.996206283569336
38,0.0,0.8187267556786265,0.2222776166304085,0.6904761904761904,0.9866666666666667,0.0011500696322678096,85.9848082664116,86.16643790306182,degshuffle,415,88.6740951538086,19.51431655883789
65,0.0,0.8190361701752403,0.22279453929034918,0.6850998463901691,0.9666666666666667,0.642190971156794,78.56893325226277,86.16643790306773,degshuffle,416,4.872872352600098,15.238889694213867
27,0.0,0.8175382476832666,0.21257117338394554,0.6881720430107526,0.98,0.0034291116531340107,86.06008177091768,86.16643790306178,degshuffle,417,5.458739280700684,18.636777877807617
37,0.0,0.8187254743336505,0.21528127623845508,0.6866359447004609,1.0,0.0,86.16643790306183,86.16643790306183,degshuffle,418,88.67411041259766,16.254657745361328
73,0.0,0.822304184726739,0.22137435038054482,0.6874039938556068,1.0,0.0,86.16643790306183,86.16643790306183,degshuffle,419,88.67420196533203,22.218339920043945
92,0.0,0.8194271962139494,0.2199641212218941,0.6958525345622121,0.9733333333333333,0.4230115919717234,74.59955200121222,86.1664379030609,degshuffle,420,3.3071956634521484,19.21244239807129
34,0.0,0.8204158778741452,0.21973963669073734,0.6897081413210445,0.98,0.3500267491618614,77.20892688442696,86.16643790306176,degshuffle,421,5.895700931549072,19.02654266357422
74,0.0,0.8232097914562486,0.22557732662755517,0.6927803379416283,0.98,0.09978022134301884,84.89567374137478,86.16643790306189,degshuffle,422,3.7273552417755127,13.00918960571289
84,0.0,0.8205881300120162,0.21873263204696797,0.6920122887864824,1.0,0.0,86.16643790306183,86.16643790306183,degshuffle,423,88.6740951538086,6.489528656005859
71,0.0,0.8206482625340483,0.21907512717750885,0.6789554531490015,0.96,0.6729989842479216,70.41122654904574,86.16643790306183,degshuffle,424,1.0597306489944458,6.033031940460205
56,0.0,0.8191432835919035,0.21392580637026204,0.6820276497695853,1.0,0.0,86.16643790306183,86.16643790306183,degshuffle,425,88.6740951538086,28.79239273071289
57,0.0,0.8227159314628831,0.22280400785659232,0.6843317972350231,0.9866666666666667,0.39718704969301805,81.12814112366569,86.16643790306183,degshuffle,426,88.6740951538086,17.790199279785156
3,0.0,0.8193085587575418,0.21904279691392992,0.6689708141321044,0.9933333333333333,0.3132323043273081,83.39289989847339,86.16643790306183,degshuffle,427,3.404886245727539,22.94781494140625
1,0.0,0.8185326762444582,0.2233096442624267,0.6766513056835638,0.98,0.026405064109952112,85.91633303256687,86.16643790306182,degshuffle,428,5.280088901519775,36.1286506652832
48,0.0,0.8184739661751765,0.22310797123723233,0.6904761904761904,0.9733333333333333,0.292938949253393,81.50835695657857,86.16643790306186,degshuffle,429,4.374852180480957,15.824271202087402
3,0.0,0.5410922467228305,0.2214626809090853,0.5729646697388633,0.9266666666666667,2.955108499095741e-08,86.165456805689,86.16643790306183,real,0,1.7321369647979736,55.15485000610352
1,0.0,0.7736739854674248,0.2177322466474007,0.6658986175115208,0.94,0.03141755407739851,85.96090899028208,86.16643790306183,rewired,300,34.54404830932617,67.1484375
1,0.0,0.773337456029122,0.2267781107080902,0.6543778801843319,0.8999999999999999,0.02136863852275804,85.7127355246334,86.16643790306183,rewired,301,68.09257507324219,75.04434204101562
1,0.0,0.7742680066562917,0.22778985849799882,0.6612903225806451,0.94,0.007908495176975956,85.99702918401583,86.16643790306183,rewired,302,67.96261596679688,55.55767059326172
1,0.0,0.7735630737765257,0.22308250283840036,0.6612903225806451,0.9133333333333334,0.008197121596754378,85.9334192810141,86.16643790306183,rewired,303,19.89661026000977,63.92758560180664
1,0.0,0.7732525067653995,0.21883529788499367,0.6589861751152073,0.9266666666666667,0.04459507067726511,85.76423739594675,86.16643790306183,rewired,304,61.2065658569336,63.8850212097168
1,0.0,0.7723568085939945,0.22741331343933108,0.6490015360983102,0.94,0.0020742087925839045,86.01956204728691,86.16643790306183,rewired,305,26.854490280151367,60.31645584106445
1,0.0,0.773427383797993,0.21325016597446309,0.6635944700460829,0.9533333333333333,0.002240549289334566,85.959608126698,86.16643790306183,rewired,306,62.38785552978516,72.68098449707031
1,0.0,0.7771539839504853,0.22920779861796642,0.662826420890937,0.9266666666666667,0.07882297362889484,85.87131709474322,86.16643790306183,rewired,307,10.816301345825195,68.32928466796875
1,0.0,0.7750878129158248,0.2158385093167702,0.6643625192012288,0.9533333333333333,0.0018962649433807682,86.09581149897322,86.16643790306183,rewired,308,39.58559036254883,73.29791259765625
1,0.0,0.7710644174877331,0.23379378697308514,0.6712749615975423,0.96,0.002299047010927785,86.02629863946667,86.16643790306183,rewired,309,2.84513258934021,67.0045166015625
1,0.0,0.7747443828899828,0.2187983211840071,0.6505376344086021,0.9266666666666667,0.004329098584274109,85.93570666194012,86.16643790306182,rewired,310,37.57309341430664,67.6561050415039
1,0.0,0.7734671240226567,0.2113791478559594,0.6620583717357911,0.9133333333333334,0.02350207285205139,85.87490646278583,86.16643790306183,rewired,311,32.61636734008789,70.96601104736328
1,0.0,0.7740131966052836,0.22569268748945828,0.6643625192012288,0.9466666666666667,0.05717092558272501,85.48811888136463,86.16643790306183,rewired,312,18.85805320739746,45.7619514465332
1,0.0,0.7755540981638188,0.22537700106324035,0.6597542242703534,0.9533333333333333,0.022656670252036742,85.67661413334362,86.16643790306183,rewired,313,16.264671325683594,48.97975158691406
1,0.0,0.7732919955088585,0.21643746414673096,0.6620583717357912,0.9400000000000001,0.014737550692804954,85.93381605351699,86.16643790306183,rewired,314,65.00707244873047,61.57498550415039
1,0.0,0.7734254703868115,0.22817054263565892,0.6582181259600615,0.9533333333333333,0.011372365553791411,86.04460905546959,86.16643790306183,rewired,315,3.4472928047180176,31.98312187194824
1,0.0,0.7715111317190455,0.22423101067168863,0.6513056835637481,0.94,0.025304376147277003,85.93133509447813,86.16643790306183,rewired,316,18.19077682495117,54.55349349975586
1,0.0,0.7752714508911444,0.22247727766231346,0.6589861751152073,0.9466666666666667,0.006477970479991556,85.97323527408658,86.16643790306183,rewired,317,26.46036720275879,37.51189041137695
1,0.0,0.7727506945461007,0.222208259373871,0.6589861751152074,0.9466666666666667,0.01627510374849375,85.72566542539964,86.16643790306183,rewired,318,34.44597244262695,47.713680267333984
1,0.0,0.7745516330487847,0.21912840277988527,0.6666666666666666,0.9466666666666667,0.008155645030174295,85.72836231144576,86.16643790306183,rewired,319,15.843500137329102,52.39703750610352
1,0.0,0.7737627459967125,0.21392238578921513,0.662826420890937,0.9466666666666667,0.00848161674083275,86.08523145159371,86.16643790306183,rewired,320,37.41813278198242,66.21408081054688
1,0.0,0.7741940907520993,0.2293814833823232,0.6620583717357911,0.94,0.013013244582440006,85.96792712153058,86.16643790306183,rewired,321,16.27923583984375,48.85206985473633
1,0.0,0.7743399655869154,0.2352097580121673,0.6582181259600614,0.9400000000000001,0.00970962016579337,85.86953149839145,86.16643790306183,rewired,322,12.347057342529297,54.790000915527344
1,0.0,0.7755150663381896,0.23125563185532738,0.663594470046083,0.96,0.009228352911998599,85.94696319908927,86.16643790306183,rewired,323,66.65892791748047,54.56924057006836
1,0.0,0.7742423460392059,0.22068741492389554,0.6666666666666666,0.9533333333333333,0.004235854756589187,86.07065043234887,86.16643790306183,rewired,324,25.337703704833984,50.84614181518555
1,0.0,0.7704197370092244,0.23512418701483143,0.6574500768049155,0.9533333333333333,0.0034603865194319777,85.9943416752477,86.16643790306183,rewired,325,1.731158971786499,67.20271301269531
1,0.0,0.7735841962484036,0.21990729975662313,0.6674347158218126,0.9733333333333333,9.400872187349881e-05,86.15224482576092,86.16643790306183,rewired,326,38.68364334106445,63.71876525878906
1,0.0,0.7752069590064042,0.2375774280997743,0.6566820276497696,0.9266666666666667,0.05691885845840197,85.94981656570293,86.16643790306183,rewired,327,23.392257690429688,74.49874114990234
1,0.0,0.7729453324304306,0.23341971253804203,0.6443932411674348,0.8866666666666667,0.07687223171078413,85.45762880191548,86.16643790306183,rewired,328,37.23295593261719,71.20215606689453
1,0.0,0.773501759427407,0.21823768917569333,0.6574500768049155,0.9466666666666667,0.0034809131867277253,85.97946846992836,86.16643790306183,rewired,329,36.54428482055664,44.33705139160156
