task,condition,net,symmetry,er_epg,test_err,long_err
hold,real,0,0.7865164773372556,1.0,3.3642797470092773,4.84659481048584
hold,real,1,0.7865164773372556,1.0,1.7380295991897583,3.433701753616333
hold,real,2,0.7865164773372556,1.0,1.7265410423278809,3.4393157958984375
hold,real,3,0.7865164773372556,1.0,2.305137872695923,4.173072814941406
hold,real,4,0.7865164773372556,1.0,2.4501168727874756,5.6984333992004395
hold,degshuffle,0,0.5049358606801455,1.0917772054672241,88.68016052246094,89.39363098144531
hold,degshuffle,1,0.5008397844624441,1.1088943481445312,10.087980270385742,13.888733863830566
hold,degshuffle,2,0.5017913581580616,1.1154967546463013,88.68016052246094,89.39363098144531
hold,degshuffle,3,0.5047457596266358,1.1044995784759521,6.878301620483398,8.190549850463867
hold,degshuffle,4,0.5036833859830943,1.1051156520843506,12.537385940551758,17.77733612060547
hold,degshuffle,5,0.5029446273303109,1.118176817893982,9.116800308227539,11.481122016906738
hold,degshuffle,6,0.5027425361395794,1.1146752834320068,88.68016052246094,89.39363098144531
hold,degshuffle,7,0.5038958053118286,1.1184027194976807,3.1381149291992188,4.185238838195801
hold,degshuffle,8,0.5027170521515569,1.122037649154663,1.8898602724075317,3.777338743209839
hold,degshuffle,9,0.503009999299586,1.1038012504577637,4.641021728515625,7.672673225402832
hold,recip20,0,0.5990204097461217,0.9880067110061646,1.1715658903121948,3.0048587322235107
hold,recip20,1,0.606374479289709,0.9933975338935852,1.4675849676132202,3.132904052734375
hold,recip20,2,0.6040179226830049,0.9924426078796387,1.291631817817688,3.7962186336517334
hold,recip20,3,0.5998460672152055,0.9917135834693909,1.7573679685592651,3.837503433227539
hold,recip20,4,0.6007431510792904,0.9993325471878052,1.1885873079299927,3.2586634159088135
hold,oneway20,0,0.7870198652435205,0.8491190075874329,24.083438873291016,27.753175735473633
hold,oneway20,1,0.786782872069193,0.8442004919052124,23.208539962768555,28.580713272094727
hold,oneway20,2,0.7868419521842824,0.8474041819572449,19.483675003051758,27.058820724487305
hold,oneway20,3,0.7871195851966521,0.8471372127532959,21.346874237060547,28.962373733520508
hold,oneway20,4,0.7871237006232893,0.8457407355308533,21.006389617919922,27.781932830810547
hold,scr_ER_EPG,0,0.7892860803212566,1.0,3.621967077255249,7.382619857788086
hold,scr_ER_EPG,1,0.7889295419174011,1.0,1.63112473487854,2.206493854522705
hold,scr_ER_EPG,2,0.7888880710797495,1.0,3.003211259841919,7.214537620544434
hold,scr_ER_EPG,3,0.7886989197400791,1.0,2.1017489433288574,2.9553637504577637
hold,scr_ER_EPG,4,0.7891825615127676,1.0,3.9980151653289795,7.495595932006836
hold,scr_ER_ER,0,0.564147471564974,1.0,1.2588294744491577,2.4922878742218018
hold,scr_ER_ER,1,0.5661818377516791,1.0,1.292628288269043,2.2266907691955566
hold,scr_ER_ER,2,0.567584960806497,1.0,1.5224189758300781,2.9339683055877686
hold,scr_ER_ER,3,0.5691933011934341,1.0,1.4392468929290771,2.3210320472717285
hold,scr_ER_ER,4,0.5678275335496307,1.0,1.289602518081665,2.50020694732666
integrate,real,0,0.7865164773372556,1.0,53.67012023925781,72.52798461914062
integrate,real,1,0.7865164773372556,1.0,50.87733459472656,70.09422302246094
integrate,real,2,0.7865164773372556,1.0,57.014854431152344,74.57292938232422
integrate,real,3,0.7865164773372556,1.0,56.06357192993164,73.56820678710938
integrate,real,4,0.7865164773372556,1.0,60.207584381103516,76.58070373535156
integrate,degshuffle,0,0.5049358606801455,1.0917772054672241,20.70003318786621,34.728538513183594
integrate,degshuffle,1,0.5008397844624441,1.1088943481445312,17.102420806884766,29.036699295043945
integrate,degshuffle,2,0.5017913581580616,1.1154967546463013,19.26190757751465,33.940101623535156
integrate,degshuffle,3,0.5047457596266358,1.1044995784759521,18.193679809570312,32.58089828491211
integrate,degshuffle,4,0.5036833859830943,1.1051156520843506,26.336597442626953,44.60609817504883
integrate,degshuffle,5,0.5029446273303109,1.118176817893982,20.133445739746094,36.06607437133789
integrate,degshuffle,6,0.5027425361395794,1.1146752834320068,10.482309341430664,22.676456451416016
integrate,degshuffle,7,0.5038958053118286,1.1184027194976807,12.704896926879883,24.276613235473633
integrate,degshuffle,8,0.5027170521515569,1.122037649154663,17.21601676940918,30.818906784057617
integrate,degshuffle,9,0.503009999299586,1.1038012504577637,15.931107521057129,29.368892669677734
integrate,recip20,0,0.5990204097461217,0.9880067110061646,32.07457733154297,49.239871978759766
integrate,recip20,1,0.606374479289709,0.9933975338935852,49.326026916503906,69.7155990600586
integrate,recip20,2,0.6040179226830049,0.9924426078796387,41.134918212890625,59.855159759521484
integrate,recip20,3,0.5998460672152055,0.9917135834693909,34.41916275024414,52.13713455200195
integrate,recip20,4,0.6007431510792904,0.9993325471878052,45.84215545654297,68.34547424316406
integrate,oneway20,0,0.7870198652435205,0.8491190075874329,37.12156677246094,53.6229362487793
integrate,oneway20,1,0.786782872069193,0.8442004919052124,35.87637710571289,50.00019836425781
integrate,oneway20,2,0.7868419521842824,0.8474041819572449,36.78070068359375,53.76240158081055
integrate,oneway20,3,0.7871195851966521,0.8471372127532959,34.84244155883789,50.631935119628906
integrate,oneway20,4,0.7871237006232893,0.8457407355308533,35.931697845458984,51.149166107177734
integrate,scr_ER_EPG,0,0.7892860803212566,1.0,70.51262664794922,81.03668212890625
integrate,scr_ER_EPG,1,0.7889295419174011,1.0,68.13785552978516,79.70161437988281
integrate,scr_ER_EPG,2,0.7888880710797495,1.0,44.764381408691406,63.35661315917969
integrate,scr_ER_EPG,3,0.7886989197400791,1.0,49.90211868286133,68.2400131225586
integrate,scr_ER_EPG,4,0.7891825615127676,1.0,65.9598159790039,78.05782318115234
integrate,scr_ER_ER,0,0.564147471564974,1.0,51.04740905761719,71.04230499267578
integrate,scr_ER_ER,1,0.5661818377516791,1.0,26.083152770996094,38.96880340576172
integrate,scr_ER_ER,2,0.567584960806497,1.0,32.38785171508789,46.17268753051758
integrate,scr_ER_ER,3,0.5691933011934341,1.0,25.9567928314209,40.07979202270508
integrate,scr_ER_ER,4,0.5678275335496307,1.0,35.828155517578125,50.92097854614258
