reciprocity,symmetry,real_top20,slow_modes,condition,frac,net,hold,integrate
0.5991771009087411,0.8131584032004918,0.8,3,real,0.0,0,1.7321369647979736,55.15485000610352
0.3768463428351538,0.6510862311386465,0.7,3,shuffle0.25,0.25,0,19.974742889404297,33.490943908691406
0.3756327146789806,0.6576814706088534,0.7,3,shuffle0.25,0.25,1,19.68207359313965,33.004817962646484
0.3835656987242104,0.6641146071540223,0.8,2,shuffle0.25,0.25,2,13.387880325317385,33.6352424621582
0.37483349613711037,0.6583726791282358,0.9,3,shuffle0.25,0.25,3,23.86774635314941,35.04262161254883
0.38350649735073855,0.6661751337458504,0.4,3,shuffle0.25,0.25,4,12.198810577392578,32.27017593383789
0.2599532309149572,0.551022764202033,0.3,2,shuffle0.5,0.5,0,15.242674827575684,29.317256927490234
0.26486694491312196,0.5453779074944307,0.25,1,shuffle0.5,0.5,1,18.15623664855957,29.68070602416992
0.2610780570109226,0.5428166606910675,0.3,1,shuffle0.5,0.5,2,21.493736267089844,32.04088592529297
0.2574667732291389,0.5437314780873593,0.3,2,shuffle0.5,0.5,3,16.233654022216797,29.733495712280277
0.26116685907113046,0.5564958932038445,0.35,2,shuffle0.5,0.5,4,18.778568267822266,32.593162536621094
0.24503448480004736,0.5169671502630035,0.25,1,shuffle0.6,0.6,0,16.371707916259766,24.73624610900879
0.2453304916674067,0.5111925391581889,0.1,1,shuffle0.6,0.6,1,88.6740951538086,26.209169387817383
0.24423526625817718,0.5128253291700753,0.3,1,shuffle0.6,0.6,2,18.12627601623535,30.308238983154297
0.24311044016221176,0.5163418483305432,0.2,1,shuffle0.6,0.6,3,13.306605339050291,30.01454734802246
0.24633691501642838,0.5244718285755521,0.1,1,shuffle0.6,0.6,4,17.678863525390625,27.829710006713867
0.2408607879702809,0.5004993820067245,0.0,32,shuffle1,1.0,0,0.9089068174362184,8.304874420166016
0.24325844359589144,0.5014241844696803,0.05,54,shuffle1,1.0,1,4.205143451690674,13.737290382385254
0.24358405114998669,0.5040593413541212,0.1,38,shuffle1,1.0,2,4.217727184295654,13.894405364990234
0.2387591392120297,0.5040125299204581,0.1,30,shuffle1,1.0,3,3.022993803024292,16.641542434692383
0.24299203741526804,0.5025012849339653,0.05,11,shuffle1,1.0,4,88.6740951538086,21.594482421875
