task,condition,frac,moved,net,slow_modes,test_err,long_err
hold,real,0.0,0.0,0,3,1.2900413274765015,1.7947123050689697
hold,real,0.0,0.0,1,3,3.552839756011963,8.654706954956055
hold,real,0.0,0.0,2,3,2.459620714187622,5.480409145355225
hold,real,0.0,0.0,3,3,1.3066744804382324,2.955275774002075
hold,real,0.0,0.0,4,3,1.7321369647979736,3.3370203971862793
hold,shuffle0.25,0.25,0.250007400171684,0,3,19.974742889404297,31.60322380065918
hold,shuffle0.25,0.25,0.250007400171684,1,3,19.68207359313965,28.120407104492188
hold,shuffle0.25,0.25,0.250007400171684,2,2,13.387880325317383,17.666419982910156
hold,shuffle0.25,0.25,0.250007400171684,3,3,23.867746353149414,30.883947372436523
hold,shuffle0.25,0.25,0.2500370008584199,4,3,12.198810577392578,20.7394962310791
hold,shuffle0.5,0.5,0.500014800343368,0,2,15.242674827575684,21.913793563842773
hold,shuffle0.5,0.5,0.500014800343368,1,1,18.15623664855957,24.675857543945312
hold,shuffle0.5,0.5,0.500014800343368,2,1,21.493736267089844,31.583759307861328
hold,shuffle0.5,0.5,0.500044401030104,3,2,16.233654022216797,22.220792770385742
hold,shuffle0.5,0.5,0.500044401030104,4,2,18.778568267822266,24.232744216918945
hold,shuffle0.6,0.6,0.6000059201373472,0,1,16.371707916259766,21.55320930480957
hold,shuffle0.6,0.6,0.6000059201373472,1,1,88.6740951538086,89.39260864257812
hold,shuffle0.6,0.6,0.6000059201373472,2,1,18.12627601623535,24.027545928955078
hold,shuffle0.6,0.6,0.6000059201373472,3,1,13.306605339050293,18.040132522583008
hold,shuffle0.6,0.6,0.6000059201373472,4,1,17.678863525390625,23.594057083129883
hold,shuffle1,1.0,0.6608945327531599,0,32,0.9089068174362183,1.591854214668274
hold,shuffle1,1.0,0.6593848977296273,1,54,4.205143451690674,6.831953525543213
hold,shuffle1,1.0,0.6568096379836013,2,38,4.217727184295654,5.562613487243652
hold,shuffle1,1.0,0.6555072077672202,3,30,3.022993803024292,4.4869890213012695
hold,shuffle1,1.0,0.6586152798744931,4,11,88.6740951538086,89.39260864257812
integrate,real,0.0,0.0,0,3,49.23259353637695,68.6770248413086
integrate,real,0.0,0.0,1,3,63.88638687133789,77.71775817871094
integrate,real,0.0,0.0,2,3,53.231727600097656,72.01493072509766
integrate,real,0.0,0.0,3,3,55.154850006103516,73.4173583984375
integrate,real,0.0,0.0,4,3,58.256385803222656,75.05823516845703
integrate,shuffle0.25,0.25,0.250007400171684,0,3,33.490943908691406,46.03635787963867
integrate,shuffle0.25,0.25,0.250007400171684,1,3,33.004817962646484,47.2501335144043
integrate,shuffle0.25,0.25,0.250007400171684,2,2,33.6352424621582,47.35612869262695
integrate,shuffle0.25,0.25,0.250007400171684,3,3,35.04262161254883,50.34785461425781
integrate,shuffle0.25,0.25,0.2500370008584199,4,3,32.27017593383789,46.28501892089844
integrate,shuffle0.5,0.5,0.500014800343368,0,2,29.317256927490234,44.309608459472656
integrate,shuffle0.5,0.5,0.500014800343368,1,1,29.680706024169922,45.615753173828125
integrate,shuffle0.5,0.5,0.500014800343368,2,1,32.04088592529297,46.76768493652344
integrate,shuffle0.5,0.5,0.500044401030104,3,2,29.733495712280273,43.25258255004883
integrate,shuffle0.5,0.5,0.500044401030104,4,2,32.593162536621094,50.48374557495117
integrate,shuffle0.6,0.6,0.6000059201373472,0,1,24.73624610900879,39.676658630371094
integrate,shuffle0.6,0.6,0.6000059201373472,1,1,26.209169387817383,41.12086486816406
integrate,shuffle0.6,0.6,0.6000059201373472,2,1,30.308238983154297,46.901912689208984
integrate,shuffle0.6,0.6,0.6000059201373472,3,1,30.01454734802246,47.764705657958984
integrate,shuffle0.6,0.6,0.6000059201373472,4,1,27.829710006713867,44.42817306518555
integrate,shuffle1,1.0,0.6608945327531599,0,32,8.304874420166016,11.477869033813477
integrate,shuffle1,1.0,0.6593848977296273,1,54,13.737290382385254,23.218015670776367
integrate,shuffle1,1.0,0.6568096379836013,2,38,13.894405364990234,23.13397216796875
integrate,shuffle1,1.0,0.6555072077672202,3,30,16.641542434692383,29.503870010375977
integrate,shuffle1,1.0,0.6586152798744931,4,11,21.594482421875,36.11709213256836
