mode,frac,net,er_epg,epg_d7,hold,integrate
target,0.05,0,0.9975030699959067,1.0006998600279944,1.841146469116211,45.81770324707031
target,0.05,1,0.9976258698321736,1.0061487702459508,1.3486032485961914,48.11227035522461
target,0.05,2,0.9972247237003684,1.0041491701659668,1.754379391670227,46.83098602294922
target,0.05,3,0.9989357347523536,1.0002999400119976,1.4296120405197144,46.26422119140625
target,0.05,4,0.9965616045845272,1.0040491901619677,1.302911639213562,48.09828567504883
control,0.05,0,0.9617928776094965,0.7991401719656068,2.1467535495758057,42.18737030029297
control,0.05,1,0.960130986492018,0.7954909018196361,3.866746425628662,39.82481384277344
control,0.05,2,0.9616537044617274,0.7925914817036592,3.232323169708252,45.34823226928711
control,0.05,3,0.9621121571837904,0.775994801039792,7.16372537612915,43.36274337768555
control,0.05,4,0.9613835448219402,0.7939412117576484,13.48025894165039,35.6014404296875
target,0.1,0,0.9910192386410152,1.005998800239952,2.039390563964844,49.35799789428711
target,0.1,1,0.9982234957020057,1.0062987402519497,2.0167460441589355,35.16243362426758
target,0.1,2,0.9929103561195252,1.0088482303539292,2.7905423641204834,45.56768035888672
target,0.1,3,0.9944658207122391,1.0003499300139973,3.442804336547852,42.97394180297852
target,0.1,4,0.9947769136307818,1.0059488102379524,1.081275224685669,46.3414192199707
control,0.1,0,0.9300859598853868,0.6304739052189562,12.69853687286377,39.55316925048828
control,0.1,1,0.9249038067949242,0.6262747450509898,13.637907028198242,40.9609489440918
control,0.1,2,0.9245681539091282,0.6264747050589882,11.460126876831056,39.829833984375
control,0.1,3,0.9240769545640606,0.625624875024995,14.16248607635498,39.8847770690918
control,0.1,4,0.9264756446991405,0.6232253549290142,13.374883651733398,40.59392166137695
target,0.2,0,0.9816864510847318,1.0073985202959408,1.359078884124756,38.153106689453125
target,0.2,1,0.9829062627916496,1.0168466306738653,3.692415714263916,45.049922943115234
target,0.2,2,0.9894228407695457,1.0146470705858828,1.493528962135315,43.27798843383789
target,0.2,3,0.989316414244781,1.009748050389922,2.33146333694458,38.643516540527344
target,0.2,4,0.9864592713876381,1.0045990801839633,1.5195039510726929,32.79341506958008
control,0.2,0,0.8494555873925501,0.34858028394321133,18.54730224609375,41.7967643737793
control,0.2,1,0.8532705689725747,0.35552889422115574,29.30974578857422,40.15700149536133
control,0.2,2,0.8499222267703643,0.34703059388122376,18.200733184814453,41.021366119384766
control,0.2,3,0.8495456406058125,0.3338332333533293,21.44815444946289,41.1124267578125
control,0.2,4,0.8483258288988949,0.3489302139572086,17.468393325805664,41.97198486328125
real,0.0,0,1.0,1.0,1.7321369647979736,55.15485000610352
