design,condition,seed,size,val_err,test_err,long_err
original,real,0,300,18.636157989501953,19.431577682495117,37.54998779296875
original,real,1,300,18.239410400390625,19.077117919921875,34.76727294921875
original,real,2,300,29.955629348754883,29.65166473388672,52.68116760253906
original,real,0,1000,18.977149963378906,19.307390213012695,38.0710563659668
original,real,1,1000,22.687091827392578,22.24889373779297,43.33933639526367
original,real,2,1000,21.428302764892578,21.499448776245117,40.67609405517578
original,real,0,3000,19.551042556762695,20.56048583984375,40.01287841796875
original,real,1,3000,22.37004852294922,21.298198699951172,42.122318267822266
original,real,2,3000,20.77735137939453,21.2570858001709,39.690513610839844
original,rewired,0,300,5.057195663452148,5.222989082336426,7.660023212432861
original,rewired,1,300,4.889136791229248,4.9387102127075195,7.230205059051514
original,rewired,2,300,5.088335990905762,4.957436561584473,6.782759189605713
original,rewired,0,1000,4.54975700378418,4.4113054275512695,5.9562788009643555
original,rewired,1,1000,4.820657253265381,4.9463677406311035,6.622788906097412
original,rewired,2,1000,4.553388595581055,4.49074649810791,6.056588172912598
original,rewired,0,3000,4.716957092285156,4.550329208374023,6.323242664337158
original,rewired,1,3000,4.364133834838867,4.451352596282959,6.200240135192871
original,rewired,2,3000,4.486481189727783,4.526437282562256,6.119770050048828
original,degshuffle,0,300,9.66247272491455,8.997346878051758,18.281152725219727
original,degshuffle,1,300,5.071033477783203,4.54329776763916,10.057217597961426
original,degshuffle,2,300,2.8530590534210205,2.8413143157958984,3.5539650917053223
original,degshuffle,0,1000,2.9539811611175537,2.849184989929199,4.0378851890563965
original,degshuffle,1,1000,4.70266056060791,4.637592792510986,10.105570793151855
original,degshuffle,2,1000,2.555405855178833,2.48005747795105,3.166548252105713
original,degshuffle,0,3000,3.0967249870300293,2.997933864593506,3.9995100498199463
original,degshuffle,1,3000,4.8987932205200195,4.9358439445495605,10.491020202636719
original,degshuffle,2,3000,2.678510904312134,2.6500465869903564,3.499476671218872
anatomical,real,0,300,24.278770446777344,25.281230926513672,40.914695739746094
anatomical,real,1,300,27.80682373046875,28.654022216796875,49.017005920410156
anatomical,real,2,300,37.860748291015625,38.975135803222656,56.14030075073242
anatomical,real,0,1000,27.650833129882812,28.51353645324707,47.366546630859375
anatomical,real,1,1000,47.74854278564453,48.0373649597168,68.0630111694336
anatomical,real,2,1000,45.244441986083984,45.35165786743164,67.3998794555664
anatomical,real,0,3000,31.749893188476562,32.17901611328125,54.15629196166992
anatomical,real,1,3000,50.12956619262695,50.7713508605957,71.62218475341797
anatomical,real,2,3000,47.428672790527344,49.59900665283203,68.239990234375
anatomical,rewired,0,300,7.854737281799316,7.7228875160217285,10.796097755432129
anatomical,rewired,1,300,7.326968669891357,7.318637371063232,10.469882011413574
anatomical,rewired,2,300,7.499001979827881,7.307008743286133,10.579424858093262
anatomical,rewired,0,1000,6.933953285217285,6.9864301681518555,9.284317016601562
anatomical,rewired,1,1000,7.304075717926025,7.4267497062683105,10.659640312194824
anatomical,rewired,2,1000,8.038633346557617,8.182868957519531,12.06680965423584
anatomical,rewired,0,3000,6.416891574859619,6.56854248046875,8.604042053222656
anatomical,rewired,1,3000,6.525786399841309,6.522178649902344,9.14844036102295
anatomical,rewired,2,3000,8.57551383972168,8.659953117370605,12.865266799926758
anatomical,degshuffle,0,300,12.95396614074707,12.560876846313477,26.379682540893555
anatomical,degshuffle,1,300,3.753485679626465,3.78971529006958,5.040558815002441
anatomical,degshuffle,2,300,9.757153511047363,8.279180526733398,18.63253402709961
anatomical,degshuffle,0,1000,15.77480697631836,14.969738006591797,25.644380569458008
anatomical,degshuffle,1,1000,4.787469387054443,4.543212413787842,10.975768089294434
anatomical,degshuffle,2,1000,9.630374908447266,9.35749626159668,18.98293685913086
anatomical,degshuffle,0,3000,14.502312660217285,15.28922176361084,25.780702590942383
anatomical,degshuffle,1,3000,3.6171772480010986,3.611823558807373,4.631077289581299
anatomical,degshuffle,2,3000,8.773211479187012,8.180413246154785,17.465858459472656
